acc_test_fold_0,acc_train_fold_0,unf_test_fold_0,unf_train_fold_0,mdl_fold_0,acc_test_fold_1,acc_train_fold_1,unf_test_fold_1,unf_train_fold_1,mdl_fold_1,acc_test_fold_2,acc_train_fold_2,unf_test_fold_2,unf_train_fold_2,mdl_fold_2,acc_test_fold_3,acc_train_fold_3,unf_test_fold_3,unf_train_fold_3,mdl_fold_3,acc_test_fold_4,acc_train_fold_4,unf_test_fold_4,unf_train_fold_4,mdl_fold_4
0.83003300330033,0.8285820372127563,0.15845353159851305,0.19038096831771534," if [capitalGain_7073.5_to_inf]: [income:>50K] = True
else if [capitalLoss_2384.5_to_2581.0]: [income:>50K] = True
else if [maritalStatus_single]: [income:>50K] = False
else if [capitalLoss_1881.5_to_1978.5]: [income:>50K] = True
else if [capitalGain_5119.0_to_5316.5]: [income:>50K] = True
else if [capitalLoss_-inf_to_1537.0__AND__hoursPerWeek_-inf_to_34.5]: [income:>50K] = False
else if [education_prof_school]: [income:>50K] = True
else if [education_masters_doctorate]: [income:>50K] = True
else [income:>50K] = False",0.8268976897689769,0.8285820372127563,0.17250289920839001,0.21674539298964057," if [capitalGain_7073.5_to_inf]: [income:>50K] = True
else if [capitalLoss_2384.5_to_2581.0]: [income:>50K] = True
else if [maritalStatus_single]: [income:>50K] = False
else if [capitalLoss_1881.5_to_1978.5]: [income:>50K] = True
else if [capitalGain_5119.0_to_5316.5]: [income:>50K] = True
else if [capitalLoss_1820.5_to_1862.0]: [income:>50K] = True
else if [education_prof_school]: [income:>50K] = True
else if [education_masters_doctorate]: [income:>50K] = True
else [income:>50K] = False",0.8283828382838284,0.8289533396592269,0.1564102564102564,0.1936928306523501," if [capitalGain_7073.5_to_inf]: [income:>50K] = True
else if [capitalLoss_2384.5_to_2581.0]: [income:>50K] = True
else if [maritalStatus_single]: [income:>50K] = False
else if [capitalGain_5119.0_to_5316.5]: [income:>50K] = True
else if [capitalLoss_1881.5_to_1978.5]: [income:>50K] = True
else if [education_prof_school]: [income:>50K] = True
else if [capitalLoss_-inf_to_1537.0__AND__hoursPerWeek_-inf_to_34.5]: [income:>50K] = False
else if [education_masters_doctorate]: [income:>50K] = True
else [income:>50K] = False",0.832013201320132,0.8280869672841289,0.22816457670472268,0.173419807334798," if [capitalGain_7073.5_to_inf]: [income:>50K] = True
else if [capitalLoss_2384.5_to_2581.0]: [income:>50K] = True
else if [maritalStatus_single]: [income:>50K] = False
else if [capitalGain_5119.0_to_5316.5]: [income:>50K] = True
else if [capitalLoss_1881.5_to_1978.5]: [income:>50K] = True
else if [capitalLoss_-inf_to_1537.0__AND__hoursPerWeek_-inf_to_34.5]: [income:>50K] = False
else if [education_prof_school]: [income:>50K] = True
else if [education_masters_doctorate]: [income:>50K] = True
else [income:>50K] = False",0.8253837266875722,0.8297029702970297,0.21996805744380354,0.177408259245305," if [capitalGain_7073.5_to_inf]: [income:>50K] = True
else if [capitalLoss_2384.5_to_2581.0]: [income:>50K] = True
else if [maritalStatus_single]: [income:>50K] = False
else if [capitalGain_5119.0_to_5316.5]: [income:>50K] = True
else if [capitalLoss_1881.5_to_1978.5]: [income:>50K] = True
else if [education_prof_school]: [income:>50K] = True
else if [capitalLoss_-inf_to_1537.0__AND__hoursPerWeek_-inf_to_34.5]: [income:>50K] = False
else if [education_masters_doctorate]: [income:>50K] = True
else [income:>50K] = False"
0.83003300330033,0.8285820372127563,0.15845353159851305,0.19038096831771534," if [capitalGain_7073.5_to_inf]: [income:>50K] = True
else if [capitalLoss_2384.5_to_2581.0]: [income:>50K] = True
else if [maritalStatus_single]: [income:>50K] = False
else if [capitalLoss_1881.5_to_1978.5]: [income:>50K] = True
else if [capitalGain_5119.0_to_5316.5]: [income:>50K] = True
else if [capitalLoss_-inf_to_1537.0__AND__hoursPerWeek_-inf_to_34.5]: [income:>50K] = False
else if [education_prof_school]: [income:>50K] = True
else if [education_masters_doctorate]: [income:>50K] = True
else [income:>50K] = False",0.8268976897689769,0.8285820372127563,0.17250289920839001,0.21674539298964057," if [capitalGain_7073.5_to_inf]: [income:>50K] = True
else if [capitalLoss_2384.5_to_2581.0]: [income:>50K] = True
else if [maritalStatus_single]: [income:>50K] = False
else if [capitalLoss_1881.5_to_1978.5]: [income:>50K] = True
else if [capitalGain_5119.0_to_5316.5]: [income:>50K] = True
else if [capitalLoss_1820.5_to_1862.0]: [income:>50K] = True
else if [education_prof_school]: [income:>50K] = True
else if [education_masters_doctorate]: [income:>50K] = True
else [income:>50K] = False",0.8283828382838284,0.8289533396592269,0.1564102564102564,0.1936928306523501," if [capitalGain_7073.5_to_inf]: [income:>50K] = True
else if [capitalLoss_2384.5_to_2581.0]: [income:>50K] = True
else if [maritalStatus_single]: [income:>50K] = False
else if [capitalGain_5119.0_to_5316.5]: [income:>50K] = True
else if [capitalLoss_1881.5_to_1978.5]: [income:>50K] = True
else if [education_prof_school]: [income:>50K] = True
else if [capitalLoss_-inf_to_1537.0__AND__hoursPerWeek_-inf_to_34.5]: [income:>50K] = False
else if [education_masters_doctorate]: [income:>50K] = True
else [income:>50K] = False",0.832013201320132,0.8280869672841289,0.22816457670472268,0.173419807334798," if [capitalGain_7073.5_to_inf]: [income:>50K] = True
else if [capitalLoss_2384.5_to_2581.0]: [income:>50K] = True
else if [maritalStatus_single]: [income:>50K] = False
else if [capitalGain_5119.0_to_5316.5]: [income:>50K] = True
else if [capitalLoss_1881.5_to_1978.5]: [income:>50K] = True
else if [capitalLoss_-inf_to_1537.0__AND__hoursPerWeek_-inf_to_34.5]: [income:>50K] = False
else if [education_prof_school]: [income:>50K] = True
else if [education_masters_doctorate]: [income:>50K] = True
else [income:>50K] = False",0.8253837266875722,0.8297029702970297,0.21996805744380354,0.177408259245305," if [capitalGain_7073.5_to_inf]: [income:>50K] = True
else if [capitalLoss_2384.5_to_2581.0]: [income:>50K] = True
else if [maritalStatus_single]: [income:>50K] = False
else if [capitalGain_5119.0_to_5316.5]: [income:>50K] = True
else if [capitalLoss_1881.5_to_1978.5]: [income:>50K] = True
else if [education_prof_school]: [income:>50K] = True
else if [capitalLoss_-inf_to_1537.0__AND__hoursPerWeek_-inf_to_34.5]: [income:>50K] = False
else if [education_masters_doctorate]: [income:>50K] = True
else [income:>50K] = False"
0.83003300330033,0.8285820372127563,0.15845353159851305,0.19038096831771534," if [capitalGain_7073.5_to_inf]: [income:>50K] = True
else if [capitalLoss_2384.5_to_2581.0]: [income:>50K] = True
else if [maritalStatus_single]: [income:>50K] = False
else if [capitalLoss_1881.5_to_1978.5]: [income:>50K] = True
else if [capitalGain_5119.0_to_5316.5]: [income:>50K] = True
else if [capitalLoss_-inf_to_1537.0__AND__hoursPerWeek_-inf_to_34.5]: [income:>50K] = False
else if [education_prof_school]: [income:>50K] = True
else if [education_masters_doctorate]: [income:>50K] = True
else [income:>50K] = False",0.8268976897689769,0.8285820372127563,0.17250289920839001,0.21674539298964057," if [capitalGain_7073.5_to_inf]: [income:>50K] = True
else if [capitalLoss_2384.5_to_2581.0]: [income:>50K] = True
else if [maritalStatus_single]: [income:>50K] = False
else if [capitalLoss_1881.5_to_1978.5]: [income:>50K] = True
else if [capitalGain_5119.0_to_5316.5]: [income:>50K] = True
else if [capitalLoss_1820.5_to_1862.0]: [income:>50K] = True
else if [education_prof_school]: [income:>50K] = True
else if [education_masters_doctorate]: [income:>50K] = True
else [income:>50K] = False",0.8283828382838284,0.8289533396592269,0.1564102564102564,0.1936928306523501," if [capitalGain_7073.5_to_inf]: [income:>50K] = True
else if [capitalLoss_2384.5_to_2581.0]: [income:>50K] = True
else if [maritalStatus_single]: [income:>50K] = False
else if [capitalGain_5119.0_to_5316.5]: [income:>50K] = True
else if [capitalLoss_1881.5_to_1978.5]: [income:>50K] = True
else if [education_prof_school]: [income:>50K] = True
else if [capitalLoss_-inf_to_1537.0__AND__hoursPerWeek_-inf_to_34.5]: [income:>50K] = False
else if [education_masters_doctorate]: [income:>50K] = True
else [income:>50K] = False",0.832013201320132,0.8280869672841289,0.22816457670472268,0.173419807334798," if [capitalGain_7073.5_to_inf]: [income:>50K] = True
else if [capitalLoss_2384.5_to_2581.0]: [income:>50K] = True
else if [maritalStatus_single]: [income:>50K] = False
else if [capitalGain_5119.0_to_5316.5]: [income:>50K] = True
else if [capitalLoss_1881.5_to_1978.5]: [income:>50K] = True
else if [capitalLoss_-inf_to_1537.0__AND__hoursPerWeek_-inf_to_34.5]: [income:>50K] = False
else if [education_prof_school]: [income:>50K] = True
else if [education_masters_doctorate]: [income:>50K] = True
else [income:>50K] = False",0.8253837266875722,0.8297029702970297,0.21996805744380354,0.177408259245305," if [capitalGain_7073.5_to_inf]: [income:>50K] = True
else if [capitalLoss_2384.5_to_2581.0]: [income:>50K] = True
else if [maritalStatus_single]: [income:>50K] = False
else if [capitalGain_5119.0_to_5316.5]: [income:>50K] = True
else if [capitalLoss_1881.5_to_1978.5]: [income:>50K] = True
else if [education_prof_school]: [income:>50K] = True
else if [capitalLoss_-inf_to_1537.0__AND__hoursPerWeek_-inf_to_34.5]: [income:>50K] = False
else if [education_masters_doctorate]: [income:>50K] = True
else [income:>50K] = False"
0.83003300330033,0.8285820372127563,0.15845353159851305,0.19038096831771534," if [capitalGain_7073.5_to_inf]: [income:>50K] = True
else if [capitalLoss_2384.5_to_2581.0]: [income:>50K] = True
else if [maritalStatus_single]: [income:>50K] = False
else if [capitalLoss_1881.5_to_1978.5]: [income:>50K] = True
else if [capitalGain_5119.0_to_5316.5]: [income:>50K] = True
else if [capitalLoss_-inf_to_1537.0__AND__hoursPerWeek_-inf_to_34.5]: [income:>50K] = False
else if [education_prof_school]: [income:>50K] = True
else if [education_masters_doctorate]: [income:>50K] = True
else [income:>50K] = False",0.8268976897689769,0.8285820372127563,0.17250289920839001,0.21674539298964057," if [capitalGain_7073.5_to_inf]: [income:>50K] = True
else if [capitalLoss_2384.5_to_2581.0]: [income:>50K] = True
else if [maritalStatus_single]: [income:>50K] = False
else if [capitalLoss_1881.5_to_1978.5]: [income:>50K] = True
else if [capitalGain_5119.0_to_5316.5]: [income:>50K] = True
else if [capitalLoss_1820.5_to_1862.0]: [income:>50K] = True
else if [education_prof_school]: [income:>50K] = True
else if [education_masters_doctorate]: [income:>50K] = True
else [income:>50K] = False",0.8283828382838284,0.8289533396592269,0.1564102564102564,0.1936928306523501," if [capitalGain_7073.5_to_inf]: [income:>50K] = True
else if [capitalLoss_2384.5_to_2581.0]: [income:>50K] = True
else if [maritalStatus_single]: [income:>50K] = False
else if [capitalGain_5119.0_to_5316.5]: [income:>50K] = True
else if [capitalLoss_1881.5_to_1978.5]: [income:>50K] = True
else if [education_prof_school]: [income:>50K] = True
else if [capitalLoss_-inf_to_1537.0__AND__hoursPerWeek_-inf_to_34.5]: [income:>50K] = False
else if [education_masters_doctorate]: [income:>50K] = True
else [income:>50K] = False",0.832013201320132,0.8280869672841289,0.22816457670472268,0.173419807334798," if [capitalGain_7073.5_to_inf]: [income:>50K] = True
else if [capitalLoss_2384.5_to_2581.0]: [income:>50K] = True
else if [maritalStatus_single]: [income:>50K] = False
else if [capitalGain_5119.0_to_5316.5]: [income:>50K] = True
else if [capitalLoss_1881.5_to_1978.5]: [income:>50K] = True
else if [capitalLoss_-inf_to_1537.0__AND__hoursPerWeek_-inf_to_34.5]: [income:>50K] = False
else if [education_prof_school]: [income:>50K] = True
else if [education_masters_doctorate]: [income:>50K] = True
else [income:>50K] = False",0.8253837266875722,0.8297029702970297,0.21996805744380354,0.177408259245305," if [capitalGain_7073.5_to_inf]: [income:>50K] = True
else if [capitalLoss_2384.5_to_2581.0]: [income:>50K] = True
else if [maritalStatus_single]: [income:>50K] = False
else if [capitalGain_5119.0_to_5316.5]: [income:>50K] = True
else if [capitalLoss_1881.5_to_1978.5]: [income:>50K] = True
else if [education_prof_school]: [income:>50K] = True
else if [capitalLoss_-inf_to_1537.0__AND__hoursPerWeek_-inf_to_34.5]: [income:>50K] = False
else if [education_masters_doctorate]: [income:>50K] = True
else [income:>50K] = False"
0.83003300330033,0.8285820372127563,0.15845353159851305,0.19038096831771534," if [capitalGain_7073.5_to_inf]: [income:>50K] = True
else if [capitalLoss_2384.5_to_2581.0]: [income:>50K] = True
else if [maritalStatus_single]: [income:>50K] = False
else if [capitalLoss_1881.5_to_1978.5]: [income:>50K] = True
else if [capitalGain_5119.0_to_5316.5]: [income:>50K] = True
else if [capitalLoss_-inf_to_1537.0__AND__hoursPerWeek_-inf_to_34.5]: [income:>50K] = False
else if [education_prof_school]: [income:>50K] = True
else if [education_masters_doctorate]: [income:>50K] = True
else [income:>50K] = False",0.8268976897689769,0.8285820372127563,0.17250289920839001,0.21674539298964057," if [capitalGain_7073.5_to_inf]: [income:>50K] = True
else if [capitalLoss_2384.5_to_2581.0]: [income:>50K] = True
else if [maritalStatus_single]: [income:>50K] = False
else if [capitalLoss_1881.5_to_1978.5]: [income:>50K] = True
else if [capitalGain_5119.0_to_5316.5]: [income:>50K] = True
else if [capitalLoss_1820.5_to_1862.0]: [income:>50K] = True
else if [education_prof_school]: [income:>50K] = True
else if [education_masters_doctorate]: [income:>50K] = True
else [income:>50K] = False",0.8283828382838284,0.8289533396592269,0.1564102564102564,0.1936928306523501," if [capitalGain_7073.5_to_inf]: [income:>50K] = True
else if [capitalLoss_2384.5_to_2581.0]: [income:>50K] = True
else if [maritalStatus_single]: [income:>50K] = False
else if [capitalGain_5119.0_to_5316.5]: [income:>50K] = True
else if [capitalLoss_1881.5_to_1978.5]: [income:>50K] = True
else if [education_prof_school]: [income:>50K] = True
else if [capitalLoss_-inf_to_1537.0__AND__hoursPerWeek_-inf_to_34.5]: [income:>50K] = False
else if [education_masters_doctorate]: [income:>50K] = True
else [income:>50K] = False",0.832013201320132,0.8280869672841289,0.22816457670472268,0.173419807334798," if [capitalGain_7073.5_to_inf]: [income:>50K] = True
else if [capitalLoss_2384.5_to_2581.0]: [income:>50K] = True
else if [maritalStatus_single]: [income:>50K] = False
else if [capitalGain_5119.0_to_5316.5]: [income:>50K] = True
else if [capitalLoss_1881.5_to_1978.5]: [income:>50K] = True
else if [capitalLoss_-inf_to_1537.0__AND__hoursPerWeek_-inf_to_34.5]: [income:>50K] = False
else if [education_prof_school]: [income:>50K] = True
else if [education_masters_doctorate]: [income:>50K] = True
else [income:>50K] = False",0.8253837266875722,0.8297029702970297,0.21996805744380354,0.177408259245305," if [capitalGain_7073.5_to_inf]: [income:>50K] = True
else if [capitalLoss_2384.5_to_2581.0]: [income:>50K] = True
else if [maritalStatus_single]: [income:>50K] = False
else if [capitalGain_5119.0_to_5316.5]: [income:>50K] = True
else if [capitalLoss_1881.5_to_1978.5]: [income:>50K] = True
else if [education_prof_school]: [income:>50K] = True
else if [capitalLoss_-inf_to_1537.0__AND__hoursPerWeek_-inf_to_34.5]: [income:>50K] = False
else if [education_masters_doctorate]: [income:>50K] = True
else [income:>50K] = False"
0.83003300330033,0.8285820372127563,0.15845353159851305,0.19038096831771534," if [capitalGain_7073.5_to_inf]: [income:>50K] = True
else if [capitalLoss_2384.5_to_2581.0]: [income:>50K] = True
else if [maritalStatus_single]: [income:>50K] = False
else if [capitalLoss_1881.5_to_1978.5]: [income:>50K] = True
else if [capitalGain_5119.0_to_5316.5]: [income:>50K] = True
else if [capitalLoss_-inf_to_1537.0__AND__hoursPerWeek_-inf_to_34.5]: [income:>50K] = False
else if [education_prof_school]: [income:>50K] = True
else if [education_masters_doctorate]: [income:>50K] = True
else [income:>50K] = False",0.8268976897689769,0.8285820372127563,0.17250289920839001,0.21674539298964057," if [capitalGain_7073.5_to_inf]: [income:>50K] = True
else if [capitalLoss_2384.5_to_2581.0]: [income:>50K] = True
else if [maritalStatus_single]: [income:>50K] = False
else if [capitalLoss_1881.5_to_1978.5]: [income:>50K] = True
else if [capitalGain_5119.0_to_5316.5]: [income:>50K] = True
else if [capitalLoss_1820.5_to_1862.0]: [income:>50K] = True
else if [education_prof_school]: [income:>50K] = True
else if [education_masters_doctorate]: [income:>50K] = True
else [income:>50K] = False",0.8283828382838284,0.8289533396592269,0.1564102564102564,0.1936928306523501," if [capitalGain_7073.5_to_inf]: [income:>50K] = True
else if [capitalLoss_2384.5_to_2581.0]: [income:>50K] = True
else if [maritalStatus_single]: [income:>50K] = False
else if [capitalGain_5119.0_to_5316.5]: [income:>50K] = True
else if [capitalLoss_1881.5_to_1978.5]: [income:>50K] = True
else if [education_prof_school]: [income:>50K] = True
else if [capitalLoss_-inf_to_1537.0__AND__hoursPerWeek_-inf_to_34.5]: [income:>50K] = False
else if [education_masters_doctorate]: [income:>50K] = True
else [income:>50K] = False",0.832013201320132,0.8280869672841289,0.22816457670472268,0.173419807334798," if [capitalGain_7073.5_to_inf]: [income:>50K] = True
else if [capitalLoss_2384.5_to_2581.0]: [income:>50K] = True
else if [maritalStatus_single]: [income:>50K] = False
else if [capitalGain_5119.0_to_5316.5]: [income:>50K] = True
else if [capitalLoss_1881.5_to_1978.5]: [income:>50K] = True
else if [capitalLoss_-inf_to_1537.0__AND__hoursPerWeek_-inf_to_34.5]: [income:>50K] = False
else if [education_prof_school]: [income:>50K] = True
else if [education_masters_doctorate]: [income:>50K] = True
else [income:>50K] = False",0.8253837266875722,0.8297029702970297,0.21996805744380354,0.177408259245305," if [capitalGain_7073.5_to_inf]: [income:>50K] = True
else if [capitalLoss_2384.5_to_2581.0]: [income:>50K] = True
else if [maritalStatus_single]: [income:>50K] = False
else if [capitalGain_5119.0_to_5316.5]: [income:>50K] = True
else if [capitalLoss_1881.5_to_1978.5]: [income:>50K] = True
else if [education_prof_school]: [income:>50K] = True
else if [capitalLoss_-inf_to_1537.0__AND__hoursPerWeek_-inf_to_34.5]: [income:>50K] = False
else if [education_masters_doctorate]: [income:>50K] = True
else [income:>50K] = False"
0.8227722772277227,0.8202483600808614,0.061716700670358504,0.05092307356186232," if [capitalGain_7073.5_to_inf]: [income:>50K] = True
else if [capitalLoss_2384.5_to_2581.0]: [income:>50K] = True
else if [maritalStatus_single]: [income:>50K] = False
else if [capitalLoss_1881.5_to_1978.5]: [income:>50K] = True
else if [capitalGain_5119.0_to_5316.5]: [income:>50K] = True
else if [education_prof_school]: [income:>50K] = True
else if [capitalLoss_1820.5_to_1862.0]: [income:>50K] = True
else [income:>50K] = False",0.8194719471947195,0.8210734766285738,0.031081081081080986,0.05889884763124198," if [capitalGain_7073.5_to_inf]: [income:>50K] = True
else if [capitalLoss_2384.5_to_2581.0]: [income:>50K] = True
else if [maritalStatus_single]: [income:>50K] = False
else if [capitalLoss_1881.5_to_1978.5]: [income:>50K] = True
else if [capitalGain_5119.0_to_5316.5]: [income:>50K] = True
else if [capitalLoss_1820.5_to_1862.0]: [income:>50K] = True
else if [education_prof_school]: [income:>50K] = True
else [income:>50K] = False",0.81996699669967,0.820949709146417,0.0009661835748792091,0.06529071360087657," if [capitalGain_7073.5_to_inf]: [income:>50K] = True
else if [capitalLoss_2384.5_to_2581.0]: [income:>50K] = True
else if [maritalStatus_single]: [income:>50K] = False
else if [capitalGain_5119.0_to_5316.5]: [income:>50K] = True
else if [capitalLoss_1820.5_to_1862.0]: [income:>50K] = True
else if [capitalLoss_1881.5_to_1978.5]: [income:>50K] = True
else if [education_prof_school]: [income:>50K] = True
else [income:>50K] = False",0.8283828382838284,0.8188456619497504,0.09363179973866997,0.042836313032379336," if [capitalGain_7073.5_to_inf]: [income:>50K] = True
else if [capitalLoss_2384.5_to_2581.0]: [income:>50K] = True
else if [maritalStatus_single]: [income:>50K] = False
else if [capitalGain_5119.0_to_5316.5]: [income:>50K] = True
else if [capitalLoss_1881.5_to_1978.5]: [income:>50K] = True
else if [capitalLoss_1820.5_to_1862.0]: [income:>50K] = True
else if [education_prof_school]: [income:>50K] = True
else [income:>50K] = False",0.8131704901798976,0.8226485148514852,0.07466675804406675,0.04742664443669897," if [capitalGain_7073.5_to_inf]: [income:>50K] = True
else if [capitalLoss_2384.5_to_2581.0]: [income:>50K] = True
else if [maritalStatus_single]: [income:>50K] = False
else if [capitalGain_5119.0_to_5316.5]: [income:>50K] = True
else if [capitalLoss_1881.5_to_1978.5]: [income:>50K] = True
else if [capitalLoss_1820.5_to_1862.0]: [income:>50K] = True
else if [education_prof_school]: [income:>50K] = True
else [income:>50K] = False"
0.8222772277227722,0.8204546392177895,0.03843658154891405,0.041750206392263234," if [age_-inf_to_21.5]: [income:>50K] = False
else if [capitalGain_7073.5_to_inf]: [income:>50K] = True
else if [capitalGain_5119.0_to_5316.5]: [income:>50K] = True
else if [capitalLoss_-inf_to_1537.0__AND__hoursPerWeek_-inf_to_34.5]: [income:>50K] = False
else if [capitalLoss_2384.5_to_2581.0]: [income:>50K] = True
else if [maritalStatus_single]: [income:>50K] = False
else if [capitalLoss_1881.5_to_1978.5]: [income:>50K] = True
else if [capitalLoss_1820.5_to_1862.0]: [income:>50K] = True
else if [education_prof_school]: [income:>50K] = True
else [income:>50K] = False",0.815016501650165,0.8177730104377243,0.020939334637964713,0.026935677371723865," if [capitalGain_7073.5_to_inf]: [income:>50K] = True
else if [capitalLoss_2384.5_to_2581.0]: [income:>50K] = True
else if [maritalStatus_single]: [income:>50K] = False
else if [capitalLoss_1881.5_to_1978.5]: [income:>50K] = True
else if [capitalGain_5119.0_to_5316.5]: [income:>50K] = True
else if [capitalLoss_1820.5_to_1862.0]: [income:>50K] = True
else [income:>50K] = False",0.8163366336633663,0.8174429638186393,0.004067651466495348,0.02986946985502592," if [capitalGain_7073.5_to_inf]: [income:>50K] = True
else if [capitalLoss_2384.5_to_2581.0]: [income:>50K] = True
else if [maritalStatus_single]: [income:>50K] = False
else if [capitalGain_5119.0_to_5316.5]: [income:>50K] = True
else if [capitalLoss_1820.5_to_1862.0]: [income:>50K] = True
else if [capitalLoss_1881.5_to_1978.5]: [income:>50K] = True
else [income:>50K] = False",0.8283828382838284,0.8188456619497504,0.09363179973866997,0.042836313032379336," if [capitalGain_7073.5_to_inf]: [income:>50K] = True
else if [capitalLoss_2384.5_to_2581.0]: [income:>50K] = True
else if [maritalStatus_single]: [income:>50K] = False
else if [capitalGain_5119.0_to_5316.5]: [income:>50K] = True
else if [capitalLoss_1881.5_to_1978.5]: [income:>50K] = True
else if [capitalLoss_1820.5_to_1862.0]: [income:>50K] = True
else if [education_prof_school]: [income:>50K] = True
else [income:>50K] = False",0.8131704901798976,0.8226897689768977,0.07466675804406675,0.041833116891870636," if [age_-inf_to_21.5]: [income:>50K] = False
else if [capitalGain_7073.5_to_inf]: [income:>50K] = True
else if [capitalGain_5119.0_to_5316.5]: [income:>50K] = True
else if [capitalLoss_2384.5_to_2581.0]: [income:>50K] = True
else if [maritalStatus_single]: [income:>50K] = False
else if [capitalLoss_1881.5_to_1978.5]: [income:>50K] = True
else if [capitalLoss_1820.5_to_1862.0]: [income:>50K] = True
else if [education_prof_school]: [income:>50K] = True
else [income:>50K] = False"
0.7572607260726073,0.750814802590866,0.0,0.0,[income:>50K] = False,0.7468646864686469,0.7534139197161599,0.0,0.0,[income:>50K] = False,0.7523102310231023,0.7520524774124345,0.0,0.0,[income:>50K] = False,0.7579207920792079,0.7506497792813235,0.0,0.0,[income:>50K] = False,0.7461627331242779,0.753589108910891,0.0,0.0,[income:>50K] = False
0.7572607260726073,0.750814802590866,0.0,0.0,[income:>50K] = False,0.7468646864686469,0.7534139197161599,0.0,0.0,[income:>50K] = False,0.7523102310231023,0.7520524774124345,0.0,0.0,[income:>50K] = False,0.7579207920792079,0.7506497792813235,0.0,0.0,[income:>50K] = False,0.7461627331242779,0.753589108910891,0.0,0.0,[income:>50K] = False
0.7572607260726073,0.750814802590866,0.0,0.0,[income:>50K] = False,0.7468646864686469,0.7534139197161599,0.0,0.0,[income:>50K] = False,0.7523102310231023,0.7520524774124345,0.0,0.0,[income:>50K] = False,0.7579207920792079,0.7506497792813235,0.0,0.0,[income:>50K] = False,0.7461627331242779,0.753589108910891,0.0,0.0,[income:>50K] = False
0.7572607260726073,0.750814802590866,0.0,0.0,[income:>50K] = False,0.7468646864686469,0.7534139197161599,0.0,0.0,[income:>50K] = False,0.7523102310231023,0.7520524774124345,0.0,0.0,[income:>50K] = False,0.7579207920792079,0.7506497792813235,0.0,0.0,[income:>50K] = False,0.7461627331242779,0.753589108910891,0.0,0.0,[income:>50K] = False
0.7572607260726073,0.750814802590866,0.0,0.0,[income:>50K] = False,0.7468646864686469,0.7534139197161599,0.0,0.0,[income:>50K] = False,0.7523102310231023,0.7520524774124345,0.0,0.0,[income:>50K] = False,0.7579207920792079,0.7506497792813235,0.0,0.0,[income:>50K] = False,0.7461627331242779,0.753589108910891,0.0,0.0,[income:>50K] = False
0.7572607260726073,0.750814802590866,0.0,0.0,[income:>50K] = False,0.7468646864686469,0.7534139197161599,0.0,0.0,[income:>50K] = False,0.7523102310231023,0.7520524774124345,0.0,0.0,[income:>50K] = False,0.7579207920792079,0.7506497792813235,0.0,0.0,[income:>50K] = False,0.7461627331242779,0.753589108910891,0.0,0.0,[income:>50K] = False
0.7572607260726073,0.750814802590866,0.0,0.0,[income:>50K] = False,0.7468646864686469,0.7534139197161599,0.0,0.0,[income:>50K] = False,0.7523102310231023,0.7520524774124345,0.0,0.0,[income:>50K] = False,0.7579207920792079,0.7506497792813235,0.0,0.0,[income:>50K] = False,0.7461627331242779,0.753589108910891,0.0,0.0,[income:>50K] = False
0.7572607260726073,0.750814802590866,0.0,0.0,[income:>50K] = False,0.7468646864686469,0.7534139197161599,0.0,0.0,[income:>50K] = False,0.7523102310231023,0.7520524774124345,0.0,0.0,[income:>50K] = False,0.7579207920792079,0.7506497792813235,0.0,0.0,[income:>50K] = False,0.7461627331242779,0.753589108910891,0.0,0.0,[income:>50K] = False
0.7572607260726073,0.750814802590866,0.0,0.0,[income:>50K] = False,0.7468646864686469,0.7534139197161599,0.0,0.0,[income:>50K] = False,0.7523102310231023,0.7520524774124345,0.0,0.0,[income:>50K] = False,0.7579207920792079,0.7506497792813235,0.0,0.0,[income:>50K] = False,0.7461627331242779,0.753589108910891,0.0,0.0,[income:>50K] = False
0.7572607260726073,0.750814802590866,0.0,0.0,[income:>50K] = False,0.7468646864686469,0.7534139197161599,0.0,0.0,[income:>50K] = False,0.7523102310231023,0.7520524774124345,0.0,0.0,[income:>50K] = False,0.7579207920792079,0.7506497792813235,0.0,0.0,[income:>50K] = False,0.7461627331242779,0.753589108910891,0.0,0.0,[income:>50K] = False
0.7572607260726073,0.750814802590866,0.0,0.0,[income:>50K] = False,0.7468646864686469,0.7534139197161599,0.0,0.0,[income:>50K] = False,0.7523102310231023,0.7520524774124345,0.0,0.0,[income:>50K] = False,0.7579207920792079,0.7506497792813235,0.0,0.0,[income:>50K] = False,0.7461627331242779,0.753589108910891,0.0,0.0,[income:>50K] = False
0.7572607260726073,0.750814802590866,0.0,0.0,[income:>50K] = False,0.7468646864686469,0.7534139197161599,0.0,0.0,[income:>50K] = False,0.7523102310231023,0.7520524774124345,0.0,0.0,[income:>50K] = False,0.7579207920792079,0.7506497792813235,0.0,0.0,[income:>50K] = False,0.7461627331242779,0.753589108910891,0.0,0.0,[income:>50K] = False
0.7572607260726073,0.750814802590866,0.0,0.0,[income:>50K] = False,0.7468646864686469,0.7534139197161599,0.0,0.0,[income:>50K] = False,0.7523102310231023,0.7520524774124345,0.0,0.0,[income:>50K] = False,0.7579207920792079,0.7506497792813235,0.0,0.0,[income:>50K] = False,0.7461627331242779,0.753589108910891,0.0,0.0,[income:>50K] = False
0.7572607260726073,0.750814802590866,0.0,0.0,[income:>50K] = False,0.7468646864686469,0.7534139197161599,0.0,0.0,[income:>50K] = False,0.7523102310231023,0.7520524774124345,0.0,0.0,[income:>50K] = False,0.7579207920792079,0.7506497792813235,0.0,0.0,[income:>50K] = False,0.7461627331242779,0.753589108910891,0.0,0.0,[income:>50K] = False
0.7572607260726073,0.750814802590866,0.0,0.0,[income:>50K] = False,0.7468646864686469,0.7534139197161599,0.0,0.0,[income:>50K] = False,0.7523102310231023,0.7520524774124345,0.0,0.0,[income:>50K] = False,0.7579207920792079,0.7506497792813235,0.0,0.0,[income:>50K] = False,0.7461627331242779,0.753589108910891,0.0,0.0,[income:>50K] = False
0.7572607260726073,0.750814802590866,0.0,0.0,[income:>50K] = False,0.7468646864686469,0.7534139197161599,0.0,0.0,[income:>50K] = False,0.7523102310231023,0.7520524774124345,0.0,0.0,[income:>50K] = False,0.7579207920792079,0.7506497792813235,0.0,0.0,[income:>50K] = False,0.7461627331242779,0.753589108910891,0.0,0.0,[income:>50K] = False
0.7572607260726073,0.750814802590866,0.0,0.0,[income:>50K] = False,0.7468646864686469,0.7534139197161599,0.0,0.0,[income:>50K] = False,0.7523102310231023,0.7520524774124345,0.0,0.0,[income:>50K] = False,0.7579207920792079,0.7506497792813235,0.0,0.0,[income:>50K] = False,0.7461627331242779,0.753589108910891,0.0,0.0,[income:>50K] = False
0.7572607260726073,0.750814802590866,0.0,0.0,[income:>50K] = False,0.7468646864686469,0.7534139197161599,0.0,0.0,[income:>50K] = False,0.7523102310231023,0.7520524774124345,0.0,0.0,[income:>50K] = False,0.7579207920792079,0.7506497792813235,0.0,0.0,[income:>50K] = False,0.7461627331242779,0.753589108910891,0.0,0.0,[income:>50K] = False
0.7572607260726073,0.750814802590866,0.0,0.0,[income:>50K] = False,0.7468646864686469,0.7534139197161599,0.0,0.0,[income:>50K] = False,0.7523102310231023,0.7520524774124345,0.0,0.0,[income:>50K] = False,0.7579207920792079,0.7506497792813235,0.0,0.0,[income:>50K] = False,0.7461627331242779,0.753589108910891,0.0,0.0,[income:>50K] = False
0.7572607260726073,0.750814802590866,0.0,0.0,[income:>50K] = False,0.7468646864686469,0.7534139197161599,0.0,0.0,[income:>50K] = False,0.7523102310231023,0.7520524774124345,0.0,0.0,[income:>50K] = False,0.7579207920792079,0.7506497792813235,0.0,0.0,[income:>50K] = False,0.7461627331242779,0.753589108910891,0.0,0.0,[income:>50K] = False
0.7572607260726073,0.750814802590866,0.0,0.0,[income:>50K] = False,0.7468646864686469,0.7534139197161599,0.0,0.0,[income:>50K] = False,0.7523102310231023,0.7520524774124345,0.0,0.0,[income:>50K] = False,0.7579207920792079,0.7506497792813235,0.0,0.0,[income:>50K] = False,0.7461627331242779,0.753589108910891,0.0,0.0,[income:>50K] = False
0.7572607260726073,0.750814802590866,0.0,0.0,[income:>50K] = False,0.7468646864686469,0.7534139197161599,0.0,0.0,[income:>50K] = False,0.7523102310231023,0.7520524774124345,0.0,0.0,[income:>50K] = False,0.7579207920792079,0.7506497792813235,0.0,0.0,[income:>50K] = False,0.7461627331242779,0.753589108910891,0.0,0.0,[income:>50K] = False
0.7572607260726073,0.750814802590866,0.0,0.0,[income:>50K] = False,0.7468646864686469,0.7534139197161599,0.0,0.0,[income:>50K] = False,0.7523102310231023,0.7520524774124345,0.0,0.0,[income:>50K] = False,0.7579207920792079,0.7506497792813235,0.0,0.0,[income:>50K] = False,0.7461627331242779,0.753589108910891,0.0,0.0,[income:>50K] = False
0.7572607260726073,0.750814802590866,0.0,0.0,[income:>50K] = False,0.7468646864686469,0.7534139197161599,0.0,0.0,[income:>50K] = False,0.7523102310231023,0.7520524774124345,0.0,0.0,[income:>50K] = False,0.7579207920792079,0.7506497792813235,0.0,0.0,[income:>50K] = False,0.7461627331242779,0.753589108910891,0.0,0.0,[income:>50K] = False
0.7572607260726073,0.750814802590866,0.0,0.0,[income:>50K] = False,0.7468646864686469,0.7534139197161599,0.0,0.0,[income:>50K] = False,0.7523102310231023,0.7520524774124345,0.0,0.0,[income:>50K] = False,0.7579207920792079,0.7506497792813235,0.0,0.0,[income:>50K] = False,0.7461627331242779,0.753589108910891,0.0,0.0,[income:>50K] = False
0.7572607260726073,0.750814802590866,0.0,0.0,[income:>50K] = False,0.7468646864686469,0.7534139197161599,0.0,0.0,[income:>50K] = False,0.7523102310231023,0.7520524774124345,0.0,0.0,[income:>50K] = False,0.7579207920792079,0.7506497792813235,0.0,0.0,[income:>50K] = False,0.7461627331242779,0.753589108910891,0.0,0.0,[income:>50K] = False
0.7572607260726073,0.750814802590866,0.0,0.0,[income:>50K] = False,0.7468646864686469,0.7534139197161599,0.0,0.0,[income:>50K] = False,0.7523102310231023,0.7520524774124345,0.0,0.0,[income:>50K] = False,0.7579207920792079,0.7506497792813235,0.0,0.0,[income:>50K] = False,0.7461627331242779,0.753589108910891,0.0,0.0,[income:>50K] = False
0.7572607260726073,0.750814802590866,0.0,0.0,[income:>50K] = False,0.7468646864686469,0.7534139197161599,0.0,0.0,[income:>50K] = False,0.7523102310231023,0.7520524774124345,0.0,0.0,[income:>50K] = False,0.7579207920792079,0.7506497792813235,0.0,0.0,[income:>50K] = False,0.7461627331242779,0.753589108910891,0.0,0.0,[income:>50K] = False
0.7572607260726073,0.750814802590866,0.0,0.0,[income:>50K] = False,0.7468646864686469,0.7534139197161599,0.0,0.0,[income:>50K] = False,0.7523102310231023,0.7520524774124345,0.0,0.0,[income:>50K] = False,0.7579207920792079,0.7506497792813235,0.0,0.0,[income:>50K] = False,0.7461627331242779,0.753589108910891,0.0,0.0,[income:>50K] = False
0.7572607260726073,0.750814802590866,0.0,0.0,[income:>50K] = False,0.7468646864686469,0.7534139197161599,0.0,0.0,[income:>50K] = False,0.7523102310231023,0.7520524774124345,0.0,0.0,[income:>50K] = False,0.7579207920792079,0.7506497792813235,0.0,0.0,[income:>50K] = False,0.7461627331242779,0.753589108910891,0.0,0.0,[income:>50K] = False
0.7572607260726073,0.750814802590866,0.0,0.0,[income:>50K] = False,0.7468646864686469,0.7534139197161599,0.0,0.0,[income:>50K] = False,0.7523102310231023,0.7520524774124345,0.0,0.0,[income:>50K] = False,0.7579207920792079,0.7506497792813235,0.0,0.0,[income:>50K] = False,0.7461627331242779,0.753589108910891,0.0,0.0,[income:>50K] = False
0.7572607260726073,0.750814802590866,0.0,0.0,[income:>50K] = False,0.7468646864686469,0.7534139197161599,0.0,0.0,[income:>50K] = False,0.7523102310231023,0.7520524774124345,0.0,0.0,[income:>50K] = False,0.7579207920792079,0.7506497792813235,0.0,0.0,[income:>50K] = False,0.7461627331242779,0.753589108910891,0.0,0.0,[income:>50K] = False
0.7572607260726073,0.750814802590866,0.0,0.0,[income:>50K] = False,0.7468646864686469,0.7534139197161599,0.0,0.0,[income:>50K] = False,0.7523102310231023,0.7520524774124345,0.0,0.0,[income:>50K] = False,0.7579207920792079,0.7506497792813235,0.0,0.0,[income:>50K] = False,0.7461627331242779,0.753589108910891,0.0,0.0,[income:>50K] = False
0.7572607260726073,0.750814802590866,0.0,0.0,[income:>50K] = False,0.7468646864686469,0.7534139197161599,0.0,0.0,[income:>50K] = False,0.7523102310231023,0.7520524774124345,0.0,0.0,[income:>50K] = False,0.7579207920792079,0.7506497792813235,0.0,0.0,[income:>50K] = False,0.7461627331242779,0.753589108910891,0.0,0.0,[income:>50K] = False
0.7572607260726073,0.750814802590866,0.0,0.0,[income:>50K] = False,0.7468646864686469,0.7534139197161599,0.0,0.0,[income:>50K] = False,0.7523102310231023,0.7520524774124345,0.0,0.0,[income:>50K] = False,0.7579207920792079,0.7506497792813235,0.0,0.0,[income:>50K] = False,0.7461627331242779,0.753589108910891,0.0,0.0,[income:>50K] = False
0.7572607260726073,0.750814802590866,0.0,0.0,[income:>50K] = False,0.7468646864686469,0.7534139197161599,0.0,0.0,[income:>50K] = False,0.7523102310231023,0.7520524774124345,0.0,0.0,[income:>50K] = False,0.7579207920792079,0.7506497792813235,0.0,0.0,[income:>50K] = False,0.7461627331242779,0.753589108910891,0.0,0.0,[income:>50K] = False
0.7572607260726073,0.750814802590866,0.0,0.0,[income:>50K] = False,0.7468646864686469,0.7534139197161599,0.0,0.0,[income:>50K] = False,0.7523102310231023,0.7520524774124345,0.0,0.0,[income:>50K] = False,0.7579207920792079,0.7506497792813235,0.0,0.0,[income:>50K] = False,0.7461627331242779,0.753589108910891,0.0,0.0,[income:>50K] = False
0.7572607260726073,0.750814802590866,0.0,0.0,[income:>50K] = False,0.7468646864686469,0.7534139197161599,0.0,0.0,[income:>50K] = False,0.7523102310231023,0.7520524774124345,0.0,0.0,[income:>50K] = False,0.7579207920792079,0.7506497792813235,0.0,0.0,[income:>50K] = False,0.7461627331242779,0.753589108910891,0.0,0.0,[income:>50K] = False
0.7572607260726073,0.750814802590866,0.0,0.0,[income:>50K] = False,0.7468646864686469,0.7534139197161599,0.0,0.0,[income:>50K] = False,0.7523102310231023,0.7520524774124345,0.0,0.0,[income:>50K] = False,0.7579207920792079,0.7506497792813235,0.0,0.0,[income:>50K] = False,0.7461627331242779,0.753589108910891,0.0,0.0,[income:>50K] = False
0.7572607260726073,0.750814802590866,0.0,0.0,[income:>50K] = False,0.7468646864686469,0.7534139197161599,0.0,0.0,[income:>50K] = False,0.7523102310231023,0.7520524774124345,0.0,0.0,[income:>50K] = False,0.7579207920792079,0.7506497792813235,0.0,0.0,[income:>50K] = False,0.7461627331242779,0.753589108910891,0.0,0.0,[income:>50K] = False
0.7572607260726073,0.750814802590866,0.0,0.0,[income:>50K] = False,0.7468646864686469,0.7534139197161599,0.0,0.0,[income:>50K] = False,0.7523102310231023,0.7520524774124345,0.0,0.0,[income:>50K] = False,0.7579207920792079,0.7506497792813235,0.0,0.0,[income:>50K] = False,0.7461627331242779,0.753589108910891,0.0,0.0,[income:>50K] = False
0.7572607260726073,0.750814802590866,0.0,0.0,[income:>50K] = False,0.7468646864686469,0.7534139197161599,0.0,0.0,[income:>50K] = False,0.7523102310231023,0.7520524774124345,0.0,0.0,[income:>50K] = False,0.7579207920792079,0.7506497792813235,0.0,0.0,[income:>50K] = False,0.7461627331242779,0.753589108910891,0.0,0.0,[income:>50K] = False
0.7572607260726073,0.750814802590866,0.0,0.0,[income:>50K] = False,0.7468646864686469,0.7534139197161599,0.0,0.0,[income:>50K] = False,0.7523102310231023,0.7520524774124345,0.0,0.0,[income:>50K] = False,0.7579207920792079,0.7506497792813235,0.0,0.0,[income:>50K] = False,0.7461627331242779,0.753589108910891,0.0,0.0,[income:>50K] = False
0.7572607260726073,0.750814802590866,0.0,0.0,[income:>50K] = False,0.7468646864686469,0.7534139197161599,0.0,0.0,[income:>50K] = False,0.7523102310231023,0.7520524774124345,0.0,0.0,[income:>50K] = False,0.7579207920792079,0.7506497792813235,0.0,0.0,[income:>50K] = False,0.7461627331242779,0.753589108910891,0.0,0.0,[income:>50K] = False
0.7572607260726073,0.750814802590866,0.0,0.0,[income:>50K] = False,0.7468646864686469,0.7534139197161599,0.0,0.0,[income:>50K] = False,0.7523102310231023,0.7520524774124345,0.0,0.0,[income:>50K] = False,0.7579207920792079,0.7506497792813235,0.0,0.0,[income:>50K] = False,0.7461627331242779,0.753589108910891,0.0,0.0,[income:>50K] = False
0.7572607260726073,0.750814802590866,0.0,0.0,[income:>50K] = False,0.7468646864686469,0.7534139197161599,0.0,0.0,[income:>50K] = False,0.7523102310231023,0.7520524774124345,0.0,0.0,[income:>50K] = False,0.7579207920792079,0.7506497792813235,0.0,0.0,[income:>50K] = False,0.7461627331242779,0.753589108910891,0.0,0.0,[income:>50K] = False
0.7572607260726073,0.750814802590866,0.0,0.0,[income:>50K] = False,0.7468646864686469,0.7534139197161599,0.0,0.0,[income:>50K] = False,0.7523102310231023,0.7520524774124345,0.0,0.0,[income:>50K] = False,0.7579207920792079,0.7506497792813235,0.0,0.0,[income:>50K] = False,0.7461627331242779,0.753589108910891,0.0,0.0,[income:>50K] = False
0.7572607260726073,0.750814802590866,0.0,0.0,[income:>50K] = False,0.7468646864686469,0.7534139197161599,0.0,0.0,[income:>50K] = False,0.7523102310231023,0.7520524774124345,0.0,0.0,[income:>50K] = False,0.7579207920792079,0.7506497792813235,0.0,0.0,[income:>50K] = False,0.7461627331242779,0.753589108910891,0.0,0.0,[income:>50K] = False
0.7572607260726073,0.750814802590866,0.0,0.0,[income:>50K] = False,0.7468646864686469,0.7534139197161599,0.0,0.0,[income:>50K] = False,0.7523102310231023,0.7520524774124345,0.0,0.0,[income:>50K] = False,0.7579207920792079,0.7506497792813235,0.0,0.0,[income:>50K] = False,0.7461627331242779,0.753589108910891,0.0,0.0,[income:>50K] = False
0.7572607260726073,0.750814802590866,0.0,0.0,[income:>50K] = False,0.7468646864686469,0.7534139197161599,0.0,0.0,[income:>50K] = False,0.7523102310231023,0.7520524774124345,0.0,0.0,[income:>50K] = False,0.7579207920792079,0.7506497792813235,0.0,0.0,[income:>50K] = False,0.7461627331242779,0.753589108910891,0.0,0.0,[income:>50K] = False
0.7572607260726073,0.750814802590866,0.0,0.0,[income:>50K] = False,0.7468646864686469,0.7534139197161599,0.0,0.0,[income:>50K] = False,0.7523102310231023,0.7520524774124345,0.0,0.0,[income:>50K] = False,0.7579207920792079,0.7506497792813235,0.0,0.0,[income:>50K] = False,0.7461627331242779,0.753589108910891,0.0,0.0,[income:>50K] = False
0.7572607260726073,0.750814802590866,0.0,0.0,[income:>50K] = False,0.7468646864686469,0.7534139197161599,0.0,0.0,[income:>50K] = False,0.7523102310231023,0.7520524774124345,0.0,0.0,[income:>50K] = False,0.7579207920792079,0.7506497792813235,0.0,0.0,[income:>50K] = False,0.7461627331242779,0.753589108910891,0.0,0.0,[income:>50K] = False
